{"cameraMode":{"drawMode":0,"name":"Shaded","section":"Shading Mode"},"sceneLighting":true,"audioPlay":false,"sceneViewState":{"showFog":true,"showMaterialUpdate":true,"showSkybox":true,"showFlares":true,"showImageEffects":true,"showParticleSystems":true},"in2DMode":false,"pivot":{"x":1.8913737535476685,"y":-0.5388165712356567,"z":14.020858764648438},"rotation":{"x":0.3266119360923767,"y":-0.44692179560661318,"z":0.17949053645133973,"w":0.8132458925247192},"size":1.646019697189331,"orthographic":true}